GROUP,PACKAGE,CLASS,INSTRUCTION_MISSED,INSTRUCTION_COVERED,BRANCH_MISSED,BRANCH_COVERED,LINE_MISSED,LINE_COVERED,COMPLEXITY_MISSED,COMPLEXITY_COVERED,METHOD_MISSED,METHOD_COVERED
FinalProject,FinalProject,Main.new ActionListener() {...},29,0,0,0,4,0,2,0,2,0
FinalProject,FinalProject,Main.new ActionListener() {...},24,0,0,0,4,0,2,0,2,0
FinalProject,FinalProject,Main.new ActionListener() {...},29,0,0,0,4,0,2,0,2,0
FinalProject,FinalProject,Main.new ActionListener() {...},24,0,0,0,5,0,2,0,2,0
FinalProject,FinalProject,Main.new ActionListener() {...},29,0,0,0,4,0,2,0,2,0
FinalProject,FinalProject,Main.new ActionListener() {...},29,0,0,0,4,0,2,0,2,0
FinalProject,FinalProject,Main.new ActionListener() {...},29,0,0,0,4,0,2,0,2,0
FinalProject,FinalProject,Main.new ActionListener() {...},24,0,0,0,5,0,2,0,2,0
FinalProject,FinalProject,Main.new ActionListener() {...},24,0,0,0,5,0,2,0,2,0
FinalProject,FinalProject,Main.new ActionListener() {...},29,0,0,0,4,0,2,0,2,0
FinalProject,FinalProject,Main.new ActionListener() {...},29,0,0,0,4,0,2,0,2,0
FinalProject,FinalProject,Main.new ActionListener() {...},42,0,0,0,8,0,2,0,2,0
FinalProject,FinalProject,Main.new ActionListener() {...},41,0,2,0,8,0,3,0,2,0
FinalProject,FinalProject,Main.new ActionListener() {...},33,0,0,0,7,0,2,0,2,0
FinalProject,FinalProject,Main.new Runnable() {...},16,0,0,0,7,0,2,0,2,0
FinalProject,FinalProject,Main.new ActionListener() {...},24,0,0,0,5,0,2,0,2,0
FinalProject,FinalProject,Main.new ActionListener() {...},29,0,0,0,4,0,2,0,2,0
FinalProject,FinalProject,Main.new ActionListener() {...},24,0,0,0,5,0,2,0,2,0
FinalProject,FinalProject,Main.new ActionListener() {...},33,0,0,0,7,0,2,0,2,0
FinalProject,FinalProject,Advanced,68,52,23,3,9,12,18,3,0,3
FinalProject,FinalProject,Basic,64,0,5,0,18,0,7,0,3,0
FinalProject,FinalProject,Main.new ActionListener() {...},12,0,0,0,3,0,2,0,2,0
FinalProject,FinalProject,Main.new ActionListener() {...},9,0,0,0,3,0,2,0,2,0
FinalProject,FinalProject,Main.new ActionListener() {...},28,0,0,0,5,0,2,0,2,0
FinalProject,FinalProject,Main.new ActionListener() {...},28,0,0,0,5,0,2,0,2,0
FinalProject,FinalProject,Main.new ActionListener() {...},33,0,0,0,7,0,2,0,2,0
FinalProject,FinalProject,Main.new ActionListener() {...},33,0,0,0,7,0,2,0,2,0
FinalProject,FinalProject,Main.new ActionListener() {...},33,0,0,0,7,0,2,0,2,0
FinalProject,FinalProject,Main.new ActionListener() {...},33,0,0,0,7,0,2,0,2,0
FinalProject,FinalProject,Main,1036,0,0,0,190,0,3,0,3,0
FinalProject,FinalProject,Main.new ActionListener() {...},29,0,0,0,4,0,2,0,2,0
FinalProject,FinalProject,Main.new ActionListener() {...},29,0,0,0,4,0,2,0,2,0
